fachada,fila,col,sombra_pct,p_shade_haz_medio
SO,1,1,0.2,0.0
SO,1,2,0.72,0.0
SO,1,3,1.03,0.0
SO,1,4,2.7,0.0
SO,1,5,6.07,0.0
SO,1,6,15.25,0.03526011560693642
SO,1,7,0.0,0.0
SO,1,8,0.0,0.0
SO,1,9,0.0,0.0
SO,1,10,0.0,0.0
SO,1,11,0.0,0.0
SO,1,12,0.0,0.0
SO,1,13,0.0,0.0
SO,2,1,0.48,0.0
SO,2,2,1.49,0.0
SO,2,3,6.43,0.0
SO,2,4,5.65,0.0
SO,2,5,7.65,0.0
SO,2,6,22.48,0.12312138728323699
SO,2,7,0.2,0.0
SO,2,8,0.2,0.0
SO,2,9,1.21,0.0
SO,2,10,5.95,0.0
SO,2,11,6.93,0.0653179190751445
SO,2,12,2.61,0.0
SO,2,13,7.16,0.0
SO,3,1,0.75,0.0
SO,3,2,2.04,0.0
SO,3,3,6.09,0.05375722543352601
SO,3,4,6.69,0.03005780346820809
SO,3,5,8.49,0.0
SO,3,6,23.76,0.17976878612716762
SO,3,7,0.55,0.0
SO,3,8,0.48,0.0
SO,3,9,1.45,0.0
SO,3,10,4.67,0.05375722543352601
SO,3,11,6.88,0.13121387283236993
SO,3,12,1.8,0.0
SO,3,13,8.45,0.12774566473988438
SO,4,1,1.3,0.0
SO,4,2,2.52,0.0
SO,4,3,9.34,0.0861271676300578
SO,4,4,8.24,0.05433526011560694
SO,4,5,9.21,0.012716763005780347
SO,4,6,24.21,0.20635838150289018
SO,4,7,0.55,0.0
SO,4,8,1.1,0.0
SO,4,9,2.0,0.0
SO,4,10,9.03,0.0861271676300578
SO,4,11,13.43,0.24624277456647398
SO,4,12,4.11,0.0
SO,4,13,11.13,0.09364161849710982
SO,5,1,1.17,0.0
SO,5,2,2.85,0.04161849710982659
SO,5,3,9.52,0.11791907514450867
SO,5,4,8.14,0.07976878612716763
SO,5,5,10.26,0.04682080924855491
SO,5,6,24.61,0.22138728323699422
SO,5,7,0.62,0.0
SO,5,8,0.9,0.0
SO,5,9,2.5,0.04161849710982659
SO,5,10,8.21,0.11791907514450867
SO,5,11,8.49,0.18439306358381502
SO,5,12,3.51,0.042196531791907514
SO,5,13,9.67,0.13121387283236993
SO,6,1,1.48,0.004046242774566474
SO,6,2,3.31,0.023699421965317918
SO,6,3,6.84,0.08092485549132948
SO,6,4,8.76,0.08265895953757225
SO,6,5,11.04,0.07572254335260116
SO,6,6,24.66,0.22832369942196531
SO,6,7,0.56,0.0
SO,6,8,0.87,0.005202312138728324
SO,6,9,2.58,0.023699421965317918
SO,6,10,6.01,0.08092485549132948
SO,6,11,9.06,0.18034682080924855
SO,6,12,3.73,0.06358381502890173
SO,6,13,10.47,0.13352601156069363
SO,7,1,1.54,0.010404624277456647
SO,7,2,3.16,0.047398843930635835
SO,7,3,11.99,0.1138728323699422
SO,7,4,9.77,0.11040462427745665
SO,7,5,11.18,0.0861271676300578
SO,7,6,24.83,0.230635838150289
SO,7,7,0.49,0.0
SO,7,8,0.99,0.010404624277456647
SO,7,9,2.68,0.047398843930635835
SO,7,10,11.26,0.1138728323699422
SO,7,11,14.09,0.28728323699421965
SO,7,12,4.74,0.07803468208092486
SO,7,13,13.2,0.12890173410404623
SO,8,1,1.57,0.011560693641618497
SO,8,2,2.96,0.031791907514450865
SO,8,3,7.89,0.1161849710982659
SO,8,4,8.18,0.1069364161849711
SO,8,5,11.3,0.0953757225433526
SO,8,6,25.07,0.2329479768786127
SO,8,7,0.56,0.0
SO,8,8,0.69,0.013872832369942197
SO,8,9,1.9,0.031791907514450865
SO,8,10,6.4,0.1161849710982659
SO,8,11,7.34,0.21502890173410405
SO,8,12,3.07,0.07398843930635839
SO,8,13,9.47,0.1630057803468208
SO,9,1,1.55,0.010404624277456647
SO,9,2,3.27,0.03352601156069364
SO,9,3,8.4,0.08901734104046242
SO,9,4,9.84,0.1416184971098266
SO,9,5,11.99,0.09768786127167631
SO,9,6,25.31,0.23410404624277456
SO,9,7,0.7,0.0005780346820809249
SO,9,8,0.88,0.011560693641618497
SO,9,9,2.27,0.03352601156069364
SO,9,10,7.88,0.08901734104046242
SO,9,11,12.22,0.24971098265895952
SO,9,12,3.79,0.06589595375722543
SO,9,13,11.1,0.1254335260115607
SO,10,1,1.63,0.012138728323699421
SO,10,2,2.63,0.04508670520231214
SO,10,3,10.9,0.12080924855491329
SO,10,4,9.24,0.14508670520231215
SO,10,5,11.97,0.1023121387283237
SO,10,6,25.32,0.23468208092485549
SO,10,7,0.76,0.0017341040462427746
SO,10,8,1.08,0.012138728323699421
SO,10,9,2.29,0.04508670520231214
SO,10,10,9.6,0.12080924855491329
SO,10,11,10.45,0.22369942196531792
SO,10,12,4.38,0.07861271676300578
SO,10,13,11.1,0.13236994219653178
SO,11,1,1.63,0.010982658959537572
SO,11,2,3.41,0.025433526011560695
SO,11,3,6.27,0.07572254335260116
SO,11,4,8.89,0.12080924855491329
SO,11,5,11.8,0.10809248554913295
SO,11,6,25.24,0.23468208092485549
SO,11,7,0.91,0.0
SO,11,8,1.02,0.012138728323699421
SO,11,9,2.62,0.025433526011560695
SO,11,10,5.1,0.07572254335260116
SO,11,11,7.86,0.1930635838150289
SO,11,12,3.5,0.07167630057803469
SO,11,13,9.56,0.16184971098265896
SO,12,1,1.61,0.009248554913294798
SO,12,2,3.1,0.04797687861271676
SO,12,3,9.58,0.09364161849710982
SO,12,4,10.24,0.15028901734104047
SO,12,5,12.28,0.10635838150289018
SO,12,6,25.18,0.2352601156069364
SO,12,7,0.76,0.0011560693641618498
SO,12,8,1.41,0.009248554913294798
SO,12,9,2.89,0.04797687861271676
SO,12,10,9.37,0.09364161849710982
SO,12,11,13.69,0.261271676300578
SO,12,12,5.43,0.07572254335260116
SO,12,13,12.23,0.10635838150289018
SO,13,1,1.64,0.012716763005780347
SO,13,2,3.31,0.039884393063583816
SO,13,3,9.15,0.1161849710982659
SO,13,4,8.7,0.11445086705202312
SO,13,5,11.87,0.1092485549132948
SO,13,6,25.32,0.2352601156069364
SO,13,7,0.63,0.0017341040462427746
SO,13,8,0.89,0.014450867052023121
SO,13,9,2.56,0.039884393063583816
SO,13,10,7.78,0.1161849710982659
SO,13,11,7.69,0.1699421965317919
SO,13,12,3.78,0.07745664739884393
SO,13,13,9.94,0.14277456647398845
SO,14,1,1.62,0.010404624277456647
SO,14,2,3.09,0.026589595375722544
SO,14,3,7.38,0.08323699421965318
SO,14,4,9.58,0.13468208092485548
SO,14,5,11.94,0.1115606936416185
SO,14,6,25.25,0.2352601156069364
SO,14,7,0.63,0.0
SO,14,8,1.02,0.011560693641618497
SO,14,9,2.37,0.026589595375722544
SO,14,10,6.55,0.08323699421965318
SO,14,11,10.74,0.22658959537572254
SO,14,12,3.47,0.06936416184971098
SO,14,13,10.57,0.13410404624277455
SO,15,1,1.62,0.010982658959537572
SO,15,2,3.16,0.04682080924855491
SO,15,3,11.84,0.12312138728323699
SO,15,4,9.8,0.1601156069364162
SO,15,5,12.01,0.10982658959537572
SO,15,6,25.32,0.2352601156069364
SO,15,7,0.56,0.0017341040462427746
SO,15,8,1.07,0.010982658959537572
SO,15,9,2.47,0.04682080924855491
SO,15,10,10.84,0.12312138728323699
SO,15,11,13.01,0.28439306358381505
SO,15,12,4.81,0.07745664739884393
SO,15,13,12.72,0.13815028901734103
SO,16,1,1.64,0.011560693641618497
SO,16,2,3.14,0.03005780346820809
SO,16,3,7.19,0.1138728323699422
SO,16,4,8.96,0.13121387283236993
SO,16,5,11.81,0.11329479768786127
SO,16,6,25.25,0.2352601156069364
SO,16,7,0.63,0.0
SO,16,8,0.76,0.013294797687861272
SO,16,9,2.08,0.03005780346820809
SO,16,10,5.7,0.1138728323699422
SO,16,11,8.33,0.22947976878612716
SO,16,12,3.06,0.07167630057803469
SO,16,13,9.36,0.1699421965317919
SO,17,1,1.61,0.008670520231213872
SO,17,2,3.0,0.03930635838150289
SO,17,3,9.26,0.0907514450867052
SO,17,4,9.74,0.14508670520231215
SO,17,5,12.09,0.1115606936416185
SO,17,6,25.32,0.2352601156069364
SO,17,7,0.91,0.0005780346820809249
SO,17,8,1.22,0.011560693641618497
SO,17,9,2.01,0.03930635838150289
SO,17,10,8.68,0.0907514450867052
SO,17,11,12.74,0.2543352601156069
SO,17,12,4.17,0.06878612716763005
SO,17,13,11.21,0.11734104046242774
SO,18,1,4.46,0.018497109826589597
SO,18,2,5.93,0.04393063583815029
SO,18,3,12.9,0.11965317919075144
SO,18,4,13.37,0.1601156069364162
SO,18,5,15.52,0.1115606936416185
SO,18,6,28.18,0.2352601156069364
SO,18,7,16.64,0.04705202312138729
SO,18,8,16.88,0.05803468208092485
SO,18,9,17.38,0.08924855491329478
SO,18,10,21.7,0.16497109826589593
SO,18,11,22.77,0.25947976878612716
SO,18,12,18.45,0.12393063583815028
SO,18,13,22.38,0.17653179190751445
SO,19,1,8.69,0.01930635838150289
SO,19,2,11.04,0.02566473988439306
SO,19,3,14.36,0.07884393063583815
SO,19,4,18.61,0.13664739884393065
SO,19,5,20.06,0.11526011560693641
SO,19,6,31.55,0.2360693641618497
SO,19,7,45.58,0.28364161849710984
SO,19,8,45.7,0.2957803468208093
SO,19,9,46.79,0.3050289017341041
SO,19,10,49.52,0.3616763005780347
SO,19,11,51.63,0.45878612716763006
SO,19,12,47.84,0.3547398843930636
SO,19,13,53.22,0.44086705202312143
SO,20,1,15.03,0.0569364161849711
SO,20,2,17.67,0.09410404624277457
SO,20,3,23.51,0.15167630057803466
SO,20,4,28.85,0.2568208092485549
SO,20,5,29.44,0.20017341040462425
SO,20,6,39.02,0.32387283236994224
SO,20,7,56.99,0.4314450867052024
SO,20,8,57.57,0.4395375722543353
SO,20,9,58.19,0.47768786127167634
SO,20,10,59.76,0.5279768786127168
SO,20,11,61.21,0.6110404624277458
SO,20,12,58.65,0.5071676300578035
SO,20,13,60.54,0.5435838150289017
SO,21,1,21.65,0.10184971098265895
SO,21,2,25.08,0.13092485549132948
SO,21,3,29.59,0.2185549132947977
SO,21,4,34.31,0.27398843930635836
SO,21,5,36.3,0.2520231213872832
SO,21,6,45.27,0.37283236994219654
SO,21,7,62.43,0.5172832369942197
SO,21,8,62.55,0.5311560693641619
SO,21,9,63.32,0.5525433526011562
SO,21,10,64.78,0.6082080924855492
SO,21,11,64.94,0.6660693641618497
SO,21,12,63.43,0.5930057803468208
SO,21,13,65.02,0.6294797687861272
SE,1,1,0.0,0.0
SE,1,2,0.0,0.0
SE,1,3,0.0,0.0
SE,1,4,0.0,0.0
SE,1,5,0.0,0.0
SE,2,1,0.0,0.0
SE,2,2,0.0,0.0
SE,2,3,0.0,0.0
SE,2,4,0.0,0.0
SE,2,5,0.0,0.0
SE,3,1,0.0,0.0
SE,3,2,0.0,0.0
SE,3,3,0.0,0.0
SE,3,4,0.0,0.0
SE,3,5,0.0,0.00044444444444444447
SE,4,1,0.0,0.0
SE,4,2,0.0,0.0
SE,4,3,0.0,0.0
SE,4,4,0.0,0.00044444444444444447
SE,4,5,0.0,0.0008888888888888889
SE,5,1,0.0,0.0
SE,5,2,0.0,0.0
SE,5,3,0.0,0.0
SE,5,4,0.0,0.0
SE,5,5,0.0,0.0008888888888888889
SE,6,1,0.0,0.0
SE,6,2,0.0,0.0
SE,6,3,0.0,0.0
SE,6,4,0.0,0.00044444444444444447
SE,6,5,0.01,0.0022222222222222222
SE,7,1,0.0,0.0
SE,7,2,0.0,0.0
SE,7,3,0.0,0.0
SE,7,4,0.0,0.00044444444444444447
SE,7,5,0.01,0.0017777777777777779
SE,8,1,0.0,0.0
SE,8,2,0.0,0.0
SE,8,3,0.0,0.0
SE,8,4,0.0,0.00044444444444444447
SE,8,5,0.01,0.0022222222222222222
SE,9,1,0.0,0.0
SE,9,2,0.0,0.0
SE,9,3,0.0,0.0
SE,9,4,0.0,0.00044444444444444447
SE,9,5,0.01,0.0022222222222222222
SE,10,1,0.0,0.0
SE,10,2,0.0,0.0
SE,10,3,0.0,0.0
SE,10,4,0.0,0.00044444444444444447
SE,10,5,0.01,0.0026666666666666666
SE,11,1,0.0,0.0
SE,11,2,0.0,0.0
SE,11,3,0.0,0.0
SE,11,4,0.0,0.00044444444444444447
SE,11,5,0.01,0.003111111111111111
SE,12,1,0.0,0.0
SE,12,2,0.0,0.0
SE,12,3,0.0,0.0
SE,12,4,0.0,0.00044444444444444447
SE,12,5,0.01,0.0026666666666666666
SE,13,1,0.0,0.0
SE,13,2,0.07,0.0
SE,13,3,0.07,0.0
SE,13,4,0.15,0.00044444444444444447
SE,13,5,0.16,0.0035555555555555557
SE,14,1,1.54,0.0022222222222222222
SE,14,2,1.69,0.0022222222222222222
SE,14,3,2.41,0.0022222222222222222
SE,14,4,2.83,0.0026666666666666666
SE,14,5,3.26,0.0044444444444444444
SE,15,1,2.59,0.015555555555555555
SE,15,2,2.92,0.012888888888888889
SE,15,3,3.6,0.009777777777777778
SE,15,4,3.99,0.006666666666666667
SE,15,5,4.39,0.004
SE,16,1,3.5,0.015555555555555555
SE,16,2,4.03,0.012888888888888889
SE,16,3,4.92,0.009777777777777778
SE,16,4,5.93,0.006666666666666667
SE,16,5,6.34,0.004888888888888889
SE,17,1,6.08,0.03822222222222222
SE,17,2,6.61,0.035555555555555556
SE,17,3,7.91,0.03244444444444444
SE,17,4,9.11,0.028888888888888888
SE,17,5,9.29,0.020444444444444446
SE,18,1,8.01,0.05466666666666667
SE,18,2,8.33,0.051555555555555556
SE,18,3,9.49,0.04533333333333334
SE,18,4,10.63,0.03866666666666667
SE,18,5,11.06,0.030666666666666665
SE,19,1,10.07,0.0971111111111111
SE,19,2,10.05,0.06408888888888889
SE,19,3,11.5,0.05288888888888889
SE,19,4,13.26,0.04622222222222222
SE,19,5,14.02,0.03822222222222222
SE,20,1,12.13,0.1381777777777778
SE,20,2,11.49,0.09488888888888888
SE,20,3,12.56,0.06408888888888889
SE,20,4,14.31,0.05622222222222222
SE,20,5,14.82,0.03822222222222222
SE,21,1,14.83,0.1740888888888889
SE,21,2,13.52,0.12613333333333335
SE,21,3,14.5,0.09453333333333333
SE,21,4,15.83,0.06675555555555555
SE,21,5,16.44,0.05413333333333333
