fachada,fila,col,sombra_pct,p_shade_haz_medio,y
SO,10,1,0.36,0.0,-16.0
SO,10,2,0.56,0.0,-15.75
SO,10,3,0.56,0.0,-15.5
SO,10,4,0.76,0.0017341040462427746,-15.25
SO,10,5,0.76,0.002890173410404624,-15.0
SO,10,6,0.97,0.002890173410404624,-14.75
SO,10,7,0.98,0.005202312138728324,-14.5
SO,10,8,0.99,0.008092485549132947,-14.25
SO,10,9,0.93,0.011560693641618497,-14.0
SO,10,10,1.08,0.012138728323699421,-13.75
SO,10,11,1.08,0.012138728323699421,-13.5
SO,10,12,1.43,0.01560693641618497,-13.25
SO,10,13,1.48,0.02023121387283237,-13.0
SO,10,14,1.82,0.03526011560693642,-12.75
SO,10,15,1.88,0.04161849710982659,-12.5
SO,10,16,2.46,0.04508670520231214,-12.25
SO,10,17,3.0,0.049132947976878616,-12.0
SO,10,18,2.76,0.05606936416184971,-11.75
SO,10,19,4.82,0.07976878612716763,-11.5
SO,10,20,6.09,0.0953757225433526,-11.25
SO,10,21,8.06,0.11329479768786127,-11.0
SO,10,22,10.34,0.13236994219653178,-10.75
SO,10,23,13.12,0.1485549132947977,-10.5
SO,10,24,20.25,0.22658959537572254,-10.25
SO,10,25,25.1,0.28728323699421965,-10.0
SO,10,26,28.8,0.3421965317919075,-9.75
SO,10,27,32.46,0.3976878612716763,-9.5
SO,10,28,34.6,0.4647398843930636,-9.25
SO,10,29,37.75,0.5352601156069364,-9.0
SO,10,30,38.28,0.5635838150289018,-8.75
SO,10,31,38.55,0.5635838150289018,-8.5
SO,10,32,38.35,0.5635838150289018,-8.25
SO,10,33,37.13,0.5635838150289018,-8.0
SO,10,34,36.56,0.5300578034682081,-7.75
SO,10,35,34.15,0.47630057803468207,-7.5
SO,10,36,31.35,0.44450867052023124,-7.25
SO,10,37,29.04,0.4190751445086705,-7.0
SO,10,38,21.49,0.3369942196531792,-6.75
SO,10,39,16.56,0.28439306358381505,-6.5
SO,10,40,12.72,0.24393063583815028,-6.25
SO,10,41,9.37,0.2115606936416185,-6.0
SO,10,42,7.48,0.1791907514450867,-5.75
SO,10,43,4.84,0.12658959537572254,-5.5
SO,10,44,3.44,0.09364161849710982,-5.25
SO,10,45,3.22,0.07109826589595376,-5.0
SO,10,46,1.71,0.03468208092485549,-4.75
SO,10,47,1.71,0.032947976878612714,-4.5
SO,10,48,1.7,0.030635838150289016,-4.25
SO,10,49,1.38,0.027745664739884393,-4.0
SO,10,50,1.06,0.020809248554913295,-3.75
SO,10,51,1.06,0.016184971098265895,-3.5
SO,10,52,0.84,0.005202312138728324,-3.25
SO,10,53,0.77,0.002890173410404624,-3.0
SO,10,54,0.56,0.0,-2.75
SO,10,55,0.56,0.0,-2.5
SO,10,56,0.56,0.0,-2.25
SO,10,57,0.36,0.0,-2.0
SO,10,58,0.36,0.0,-1.75
SO,10,59,0.28,0.0,-1.5
SO,10,60,0.28,0.0,-1.25
SO,10,61,0.28,0.0,-1.0
SO,10,62,0.28,0.0,-0.75
SO,10,63,0.28,0.0,-0.5
