fachada,fila,columna,sombra_pct_ref
SO,1,1,0.0
SO,1,2,0.0
SO,1,3,0.0
SO,1,4,0.0
SO,1,5,0.0
SO,1,6,0.0
SO,1,7,0.0
SO,1,8,0.0
SO,1,9,0.0
SO,1,10,0.0
SO,1,11,0.0
SO,1,12,17.3
SO,1,13,3.0
SO,2,1,0.0
SO,2,2,0.0
SO,2,3,11.9
SO,2,4,0.0
SO,2,5,0.0
SO,2,6,0.0
SO,2,7,0.2
SO,2,8,0.0
SO,2,9,0.8
SO,2,10,0.0
SO,2,11,0.7
SO,2,12,42.8
SO,2,13,10.7
SO,3,1,0.0
SO,3,2,0.4
SO,3,3,9.6
SO,3,4,0.0
SO,3,5,0.0
SO,3,6,0.1
SO,3,7,2.0
SO,3,8,0.0
SO,3,9,3.5
SO,3,10,0.3
SO,3,11,1.8
SO,3,12,45.9
SO,3,13,15.1
SO,4,1,0.0
SO,4,2,1.1
SO,4,3,10.0
SO,4,4,0.0
SO,4,5,0.0
SO,4,6,0.9
SO,4,7,4.8
SO,4,8,0.0
SO,4,9,3.8
SO,4,10,0.8
SO,4,11,2.7
SO,4,12,47.3
SO,4,13,17.2
SO,5,1,0.0
SO,5,2,1.4
SO,5,3,12.2
SO,5,4,0.0
SO,5,5,0.4
SO,5,6,2.3
SO,5,7,5.9
SO,5,8,0.0
SO,5,9,4.0
SO,5,10,1.1
SO,5,11,2.7
SO,5,12,46.9
SO,5,13,17.2
SO,6,1,0.0
SO,6,2,1.3
SO,6,3,9.4
SO,6,4,0.0
SO,6,5,1.3
SO,6,6,3.3
SO,6,7,6.4
SO,6,8,0.0
SO,6,9,4.0
SO,6,10,1.1
SO,6,11,2.8
SO,6,12,47.7
SO,6,13,17.7
SO,7,1,0.0
SO,7,2,1.4
SO,7,3,11.8
SO,7,4,0.0
SO,7,5,1.9
SO,7,6,3.6
SO,7,7,6.5
SO,7,8,0.1
SO,7,9,4.1
SO,7,10,1.1
SO,7,11,3.0
SO,7,12,46.5
SO,7,13,17.4
SO,8,1,0.1
SO,8,2,1.3
SO,8,3,10.6
SO,8,4,0.0
SO,8,5,2.3
SO,8,6,3.8
SO,8,7,6.7
SO,8,8,0.2
SO,8,9,3.8
SO,8,10,1.2
SO,8,11,2.9
SO,8,12,47.3
SO,8,13,17.8
SO,9,1,0.1
SO,9,2,1.4
SO,9,3,11.3
SO,9,4,0.0
SO,9,5,2.5
SO,9,6,3.8
SO,9,7,6.7
SO,9,8,0.2
SO,9,9,4.2
SO,9,10,1.2
SO,9,11,2.8
SO,9,12,47.2
SO,9,13,17.4
SO,10,1,0.2
SO,10,2,1.4
SO,10,3,9.5
SO,10,4,0.0
SO,10,5,2.6
SO,10,6,3.9
SO,10,7,6.8
SO,10,8,0.2
SO,10,9,4.0
SO,10,10,1.2
SO,10,11,3.1
SO,10,12,47.9
SO,10,13,17.8
SO,11,1,0.2
SO,11,2,1.5
SO,11,3,13.2
SO,11,4,0.0
SO,11,5,2.6
SO,11,6,4.0
SO,11,7,6.9
SO,11,8,0.2
SO,11,9,4.0
SO,11,10,1.2
SO,11,11,2.9
SO,11,12,47.2
SO,11,13,17.4
SO,12,1,0.2
SO,12,2,1.4
SO,12,3,12.2
SO,12,4,0.0
SO,12,5,2.7
SO,12,6,4.0
SO,12,7,6.8
SO,12,8,0.2
SO,12,9,4.1
SO,12,10,1.2
SO,12,11,2.9
SO,12,12,48.0
SO,12,13,17.9
SO,13,1,0.2
SO,13,2,1.5
SO,13,3,11.3
SO,13,4,0.0
SO,13,5,2.7
SO,13,6,4.0
SO,13,7,6.9
SO,13,8,0.2
SO,13,9,3.9
SO,13,10,1.2
SO,13,11,3.1
SO,13,12,47.5
SO,13,13,17.7
SO,14,1,0.2
SO,14,2,1.4
SO,14,3,11.6
SO,14,4,0.0
SO,14,5,2.7
SO,14,6,4.0
SO,14,7,6.8
SO,14,8,0.2
SO,14,9,4.0
SO,14,10,1.2
SO,14,11,2.8
SO,14,12,47.3
SO,14,13,17.5
SO,15,1,0.2
SO,15,2,1.4
SO,15,3,10.0
SO,15,4,0.0
SO,15,5,2.7
SO,15,6,4.1
SO,15,7,6.9
SO,15,8,0.2
SO,15,9,4.0
SO,15,10,1.2
SO,15,11,2.9
SO,15,12,48.0
SO,15,13,17.9
SO,16,1,0.5
SO,16,2,1.5
SO,16,3,13.1
SO,16,4,0.1
SO,16,5,2.7
SO,16,6,4.0
SO,16,7,6.8
SO,16,8,0.3
SO,16,9,4.1
SO,16,10,1.2
SO,16,11,3.1
SO,16,12,46.7
SO,16,13,17.5
SO,17,1,8.4
SO,17,2,4.9
SO,17,3,17.4
SO,17,4,2.5
SO,17,5,4.3
SO,17,6,5.4
SO,17,7,8.3
SO,17,8,4.7
SO,17,9,7.1
SO,17,10,35.7
SO,17,11,8.0
SO,17,12,48.7
SO,17,13,19.5
SO,18,1,24.5
SO,18,2,16.3
SO,18,3,26.8
SO,18,4,11.5
SO,18,5,9.1
SO,18,6,10.0
SO,18,7,12.7
SO,18,8,16.1
SO,18,9,19.1
SO,18,10,36.6
SO,18,11,21.1
SO,18,12,51.9
SO,18,13,24.1
SO,19,1,37.9
SO,19,2,30.5
SO,19,3,39.9
SO,19,4,24.5
SO,19,5,16.0
SO,19,6,16.7
SO,19,7,19.4
SO,19,8,28.5
SO,19,9,33.1
SO,19,10,52.5
SO,19,11,35.4
SO,19,12,56.4
SO,19,13,30.9
SO,20,1,45.9
SO,20,2,41.2
SO,20,3,50.9
SO,20,4,35.8
SO,20,5,23.1
SO,20,6,23.8
SO,20,7,27.3
SO,20,8,38.3
SO,20,9,44.4
SO,20,10,60.9
SO,20,11,45.4
SO,20,12,59.0
SO,20,13,35.8
SO,21,1,50.7
SO,21,2,44.9
SO,21,3,51.9
SO,21,4,40.5
SO,21,5,28.4
SO,21,6,29.3
SO,21,7,34.5
SO,21,8,44.0
SO,21,9,48.8
SO,21,10,58.1
SO,21,11,50.4
SO,21,12,60.3
SO,21,13,38.0
SE,1,1,0.0
SE,1,2,0.0
SE,1,3,0.0
SE,1,4,0.0
SE,1,5,0.0
SE,2,1,0.0
SE,2,2,0.0
SE,2,3,0.0
SE,2,4,0.0
SE,2,5,0.0
SE,3,1,0.0
SE,3,2,0.0
SE,3,3,0.0
SE,3,4,0.0
SE,3,5,0.0
SE,4,1,0.0
SE,4,2,0.0
SE,4,3,0.0
SE,4,4,0.0
SE,4,5,0.0
SE,5,1,0.0
SE,5,2,0.0
SE,5,3,0.0
SE,5,4,0.0
SE,5,5,0.0
SE,6,1,0.0
SE,6,2,0.0
SE,6,3,0.0
SE,6,4,0.0
SE,6,5,0.0
SE,7,1,0.0
SE,7,2,0.0
SE,7,3,0.1
SE,7,4,0.1
SE,7,5,0.1
SE,8,1,0.2
SE,8,2,0.3
SE,8,3,0.4
SE,8,4,0.6
SE,8,5,1.0
SE,9,1,0.4
SE,9,2,0.5
SE,9,3,0.7
SE,9,4,1.0
SE,9,5,1.8
SE,10,1,0.5
SE,10,2,0.7
SE,10,3,1.0
SE,10,4,1.6
SE,10,5,2.9
SE,11,1,0.8
SE,11,2,1.1
SE,11,3,1.5
SE,11,4,2.3
SE,11,5,4.2
SE,12,1,1.0
SE,12,2,1.4
SE,12,3,2.0
SE,12,4,3.0
SE,12,5,5.7
SE,13,1,1.3
SE,13,2,1.7
SE,13,3,2.6
SE,13,4,4.1
SE,13,5,7.2
SE,14,1,1.6
SE,14,2,2.3
SE,14,3,3.3
SE,14,4,4.9
SE,14,5,8.4
SE,15,1,2.0
SE,15,2,2.6
SE,15,3,3.8
SE,15,4,5.7
SE,15,5,10.1
SE,16,1,2.2
SE,16,2,3.1
SE,16,3,4.5
SE,16,4,6.8
SE,16,5,11.3
SE,17,1,2.6
SE,17,2,3.6
SE,17,3,5.1
SE,17,4,7.4
SE,17,5,12.6
SE,18,1,3.0
SE,18,2,4.0
SE,18,3,5.6
SE,18,4,8.4
SE,18,5,13.9
SE,19,1,3.2
SE,19,2,4.4
SE,19,3,6.4
SE,19,4,9.2
SE,19,5,14.7
SE,20,1,3.6
SE,20,2,5.1
SE,20,3,6.9
SE,20,4,9.8
SE,20,5,16.1
SE,21,1,4.0
SE,21,2,5.4
SE,21,3,7.3
SE,21,4,10.6
SE,21,5,16.7
