# PVGIS 5.3, horizonte calculado, lat 4.638, lon -74.148 (3-oct-2026)
# A: azimut PVGIS (0 = S, 90 = O, -90 = E); H_hor: altura del horizonte (°)
A,H_hor
-180.0,1.1
-172.5,1.1
-165.0,0.8
-157.5,0.4
-150.0,0.4
-142.5,1.5
-135.0,1.1
-127.5,1.1
-120.0,1.5
-112.5,1.5
-105.0,1.9
-97.5,3.1
-90.0,3.4
-82.5,3.1
-75.0,3.4
-67.5,3.4
-60.0,4.2
-52.5,3.4
-45.0,3.1
-37.5,3.4
-30.0,3.4
-22.5,1.9
-15.0,1.5
-7.5,1.9
0.0,1.9
7.5,2.7
15.0,2.7
22.5,2.3
30.0,1.9
37.5,1.9
45.0,1.9
52.5,1.9
60.0,1.9
67.5,1.9
75.0,1.9
82.5,1.9
90.0,1.9
97.5,1.9
105.0,1.9
112.5,1.9
120.0,1.9
127.5,1.9
135.0,1.1
142.5,1.1
150.0,1.1
157.5,1.1
165.0,0.8
172.5,1.1
180.0,1.1
